idCAS,label
50000,0.20339564979076385
50066,0.921612560749054
50293,0.6871160268783569
50328,0.7223910689353943
50704,0.49342748522758484
50782,0.6765047907829285
50817,1.1566046476364136
50851,0.9094374775886536
50895,1.092278003692627
51207,0.6294669508934021
51218,2.1596548557281494
51285,0.6774822473526001
51445,0.2560257315635681
51809,0.2970820963382721
53167,0.7707267999649048
54115,0.578883945941925
54206,0.5193912386894226
54853,0.6596574187278748
55185,0.5078912377357483
55210,0.6986880898475647
56235,0.1916496455669403
56815,0.5547968745231628
57067,0.17966432869434357
57103,0.9709441661834717
57114,1.027282476425171
57147,0.37271130084991455
57487,0.02346496656537056
57501,0.4508240520954132
57556,0.6022850871086121
57681,1.0315005779266357
57830,0.31615114212036133
57885,1.280398964881897
58275,0.8400570750236511
58617,1.187922477722168
58866,1.000515103340149
59234,1.1861051321029663
59676,0.6015406847000122
60015,0.9793232679367065
60128,0.4545055031776428
60297,0.28172120451927185
60333,0.9964643716812134
60344,0.4544752240180969
60355,0.47198888659477234
60800,0.02310815267264843
62237,1.156816005706787
62442,0.6577743291854858
62533,0.3587607443332672
63252,0.836444616317749
63741,0.3403460383415222
64175,0.6438853144645691
64186,0.2102636694908142
64197,0.4568236172199249
65236,0.9320399165153503
65452,0.5818001627922058
65714,0.5677171349525452
65850,0.7953470945358276
66251,0.3938841223716736
66568,0.2703133523464203
67561,0.5601582527160645
67630,0.6636539697647095
67641,0.30798494815826416
67663,0.23110617697238922
67685,0.40526238083839417
67721,0.19208338856697083
68122,0.32606256008148193
68359,0.017163965851068497
69658,0.548294186592102
69727,-0.10578494518995285
70291,0.46250253915786743
70553,0.6291326880455017
71238,0.6150983572006226
71363,0.6001859903335571
71410,0.5791407823562622
71432,0.20989975333213806
71556,0.22128699719905853
72140,0.823067843914032
73405,0.6501123905181885
74113,0.34156477451324463
74828,0.010822921060025692
74839,0.14164210855960846
74840,0.09959832578897476
74851,0.086906298995018
74862,0.19499339163303375
74873,0.15367598831653595
74884,0.14012101292610168
74895,0.28965720534324646
74908,0.3460797071456909
74931,0.1501167267560959
74953,0.25384658575057983
74964,0.2237911820411682
74975,0.2363927960395813
74986,0.15254907310009003
74997,0.20777954161167145
75003,0.19121675193309784
75014,0.16280485689640045
75025,0.07010170072317123
75036,0.18427850306034088
75047,0.27866318821907043
75058,0.34148406982421875
75070,0.24722649157047272
75081,0.19131582975387573
75092,0.22636334598064423
75105,0.27677416801452637
75116,0.11592405289411545
75127,0.4765791594982147
75150,0.13765272498130798
75183,0.18420223891735077
75194,0.13021796941757202
75218,0.19985656440258026
75252,0.21392782032489777
75263,0.282455176115036
75274,0.22009813785552979
75285,0.18453115224838257
75296,0.2196395844221115
75309,0.24347533285617828
75310,0.27380862832069397
75332,0.22329841554164886
75343,0.2174462527036667
75354,0.1861073076725006
75365,0.41808077692985535
75376,0.2752974331378937
75387,0.14656908810138702
75434,0.2075948864221573
75445,0.2971678376197815
75456,0.2201078087091446
75467,0.264544814825058
75478,0.19300000369548798
75503,0.20377901196479797
75525,0.32101181149482727
75547,0.322870671749115
75569,0.25131702423095703
75638,0.17169632017612457
75649,0.2769339084625244
75650,0.616474986076355
75661,0.22515830397605896
75683,0.2303442806005478
75694,0.1866530179977417
75718,0.17917834222316742
75729,0.17559228837490082
75730,0.17829786241054535
75763,0.24101980030536652
75774,0.2700496017932892
75785,0.26988106966018677
75796,0.25486165285110474
75832,0.23230259120464325
75843,0.4731222093105316
75854,0.48103198409080505
75865,0.6319366693496704
75876,0.20602074265480042
75887,0.30241334438323975
75898,0.6411531567573547
75912,0.5058005452156067
75978,0.31458136439323425
75989,0.6819172501564026
76017,0.24972842633724213
76028,0.26986443996429443
76039,0.6331161856651306
76051,0.5236372351646423
76095,0.672436535358429
76119,0.4208340346813202
76120,0.2162766456604004
76131,0.2519121766090393
76142,0.2554756999015808
76153,0.25103193521499634
76164,0.2560129165649414
76197,0.3247540295124054
76222,0.28127944469451904
76299,0.43504005670547485
76380,0.4812840521335602
76937,0.6743897795677185
77736,0.3003831207752228
77747,0.47181257605552673
77758,0.4054831564426422
77769,0.5351917743682861
77861,1.1313705444335938
77929,0.35633423924446106
78104,0.6933093667030334
78397,0.4046156108379364
78400,0.5992354154586792
78591,0.3815794289112091
78693,0.4679127633571625
78706,0.493204802274704
78751,0.23769259452819824
78773,0.2519208788871765
78784,0.22132281959056854
78795,0.22981606423854828
78808,0.22887161374092102
78819,0.23574946820735931
78820,0.4893121123313904
78831,0.580176591873169
78842,0.17068123817443848
78853,0.24619142711162567
78864,0.2542363703250885
78875,0.24600869417190552
78886,0.30075332522392273
78900,0.43550071120262146
78922,0.6088739037513733
78933,0.3206700384616852
78944,0.3116176128387451
79005,0.2734498977661133
79016,0.23675374686717987
79049,0.507060706615448
79050,0.5396261811256409
79061,1.0673534870147705
79094,0.5479996800422668
79107,0.5217040777206421
79118,0.8955588340759277
79163,0.4620957374572754
79209,0.3271888494491577
79243,0.31618261337280273
79276,0.4590865671634674
79298,0.24652263522148132
79312,0.6177359223365784
79345,0.30396568775177
79389,0.2472667396068573
79390,1.0519264936447144
79414,0.6956357955932617
79469,0.31261858344078064
79925,0.2924521863460541
80568,0.31332001090049744
80626,0.44013088941574097
80706,0.25471487641334534
80739,0.38239502906799316
82382,0.800000011920929
82688,0.146999329328537
82713,0.7092218399047852
83136,0.8122223019599915
83329,0.38794392347335815
83409,0.5579180717468262
83465,1.0187575817108154
84117,0.5599672794342041
84151,0.5409054160118103
84651,0.7351831197738647
84662,0.6200183033943176
84742,0.883456289768219
84764,0.8270000219345093
84775,1.3927061557769775
85018,0.4349878430366516
85983,0.8703253269195557
86306,1.60772705078125
86577,0.37545090913772583
86737,0.5066811442375183
86748,0.559183657169342
86986,0.38733431696891785
87412,0.32066211104393005
87445,0.5222423076629639
87592,0.45900392532348633
87627,0.4773111343383789
87661,0.6003139615058899
87683,0.4045540690422058
87854,0.5087301731109619
87865,0.5476223826408386
87990,1.1601693630218506
88062,0.3206791877746582
88095,0.6962136626243591
88108,0.493996798992157
88186,0.38081926107406616
88197,0.7183321118354797
88608,0.4766334295272827
88697,0.4377277195453644
88722,0.29745161533355713
88733,0.39102843403816223
88744,0.603697657585144
88880,0.7703827619552612
88891,1.354287028312683
89054,0.2353765070438385
89565,1.0528379678726196
89781,0.4570566415786743
89838,0.6427212357521057
90006,0.41996559500694275
90028,0.09114398062229156
90051,0.4879069924354553
90119,0.3835054337978363
90120,0.3480845093727112
90131,0.40376466512680054
90153,0.48289042711257935
90448,0.5668684244155884
90471,0.33744320273399353
91010,0.6605153679847717
91167,0.4762783944606781
91178,0.4557487964630127
91203,0.30502256751060486
91225,0.3485141098499298
91236,0.5004434585571289
91576,0.3509191870689392
91598,0.5416984558105469
91623,0.4610978960990906
91634,0.36834922432899475
91645,0.3554178774356842
91656,0.4071803092956543
91667,0.49973005056381226
92068,0.5935601592063904
92513,0.38226184248924255
92524,0.4212457835674286
92660,0.3828982710838318
92842,0.3011937737464905
92853,0.43147656321525574
92864,0.4347079396247864
92875,0.7253599166870117
92944,0.4829515516757965
93538,0.4172687232494354
93549,0.5908850431442261
93550,0.42936989665031433
93583,0.385198712348938
93890,0.43013569712638855
93970,0.7295331954956055
93992,0.4692622721195221
94757,0.873465359210968
95136,0.3060682713985443
95158,0.2902253568172455
95169,0.32495206594467163
95205,0.47364699840545654
95476,0.3116598129272461
95487,0.3589667081832886
95498,0.31206002831459045
95501,0.2832651138305664
95512,0.3731417953968048
95523,0.27463626861572266
95534,0.35281214118003845
95545,0.5968668460845947
95556,0.6991187334060669
95578,0.4431823194026947
95636,0.3816884458065033
95658,0.6577450633049011
95681,0.47170984745025635
95761,0.4776146113872528
95783,0.45563873648643494
95874,0.4629996120929718
95921,0.6505621075630188
95932,0.42858558893203735
95943,0.4570273458957672
95965,0.5387893915176392
96140,0.2718941569328308
96173,0.4989616274833679
96184,0.2744889557361603
96220,0.3429996371269226
96231,0.6070711016654968
96242,0.7535958886146545
96297,0.9402085542678833
96333,0.3345058262348175
96344,0.3719059228897095
96355,0.5622755885124207
96377,0.2290152758359909
96413,0.42271560430526733
96479,0.281809002161026
96480,0.40502914786338806
96491,0.38307124376296997
96800,0.4840862452983856
97029,0.9785047173500061
97530,0.583960771560669
97610,0.8083140850067139
97621,0.3642360270023346
97632,0.4192192256450653
97654,0.27933889627456665
97847,0.64891117811203
97858,0.3901720643043518
97870,0.497892290353775
97881,0.4704931676387787
97950,0.549705445766449
97961,0.31383317708969116
97994,0.5647667050361633
98000,0.738589882850647
98011,0.7625962495803833
98066,0.3512685298919678
98088,0.31483930349349976
98271,0.4565953016281128
98544,0.6144322156906128
98828,0.32209107279777527
98839,0.34349027276039124
98851,0.4558698832988739
98862,0.38239043951034546
98884,0.34980127215385437
98895,0.47341930866241455
98953,0.35780778527259827
98964,0.7313591241836548
99047,0.5224872827529907
99069,0.2189740538597107
99081,0.4017811417579651
99092,0.6726980209350586
99207,1.8334808349609375
99343,0.7400778532028198
99354,0.8149751424789429
99365,0.45284587144851685
99490,0.4134121239185333
99503,0.25350746512413025
99616,0.5631401538848877
99650,0.4343070983886719
99752,0.452882319688797
99876,0.3639468848705292
99898,0.45311346650123596
99923,0.6352055072784424
99934,0.5628908276557922
99945,0.40444159507751465
99967,0.7285043001174927
99978,0.4066936671733856
99990,0.38895291090011597
100005,0.4236280024051666
100027,0.1735192835330963
100094,0.8318290710449219
100174,0.5016418695449829
100185,0.4704749882221222
100254,1.2997267246246338
100390,0.5208964347839355
100403,0.23288097977638245
100414,0.30368101596832275
100425,0.3005395829677582
100436,0.21811307966709137
100469,0.35663533210754395
100470,0.4170854985713959
100492,0.5242975950241089
100516,0.39137300848960876
100527,0.3457333445549011
100607,0.38215094804763794
100618,0.39249083399772644
100630,0.4802567660808563
100641,0.8105905652046204
100663,0.34008917212486267
100696,0.3414655327796936
100710,0.33598318696022034
100754,0.43986502289772034
100834,0.7141624689102173
100845,0.3795577883720398
101417,0.6022616624832153
101428,1.273535966873169
101779,0.8141883015632629
101815,0.4323757588863373
101848,0.4279898703098297
101973,0.5229459404945374
102090,0.7671768665313721
102545,0.4147370457649231
102692,0.5206730961799622
102705,0.4082176387310028
102761,0.8836562037467957
102829,0.6160027980804443
102874,0.8748270869255066
103082,0.6233584880828857
103297,0.5337874889373779
103300,0.5702698230743408
103333,0.608482301235199
103504,0.3255978226661682
103651,0.34492960572242737
103695,0.45456868410110474
103731,0.4217150807380676
103822,0.6477141380310059
103833,0.29364845156669617
103844,0.7206445336341858
103899,1.0264053344726562
103902,0.3022659122943878
104018,0.5538671612739563
104041,0.7794362902641296
104461,0.45814943313598633
104518,0.39269253611564636
104574,0.5456068515777588
104610,0.5488716959953308
104632,0.38765549659729004
104687,0.8098655939102173
104767,0.562892735004425
104789,0.5326334834098816
104858,0.3871803879737854
104870,0.39750269055366516
104905,0.36968177556991577
104938,0.36258843541145325
105055,0.40257835388183594
105135,0.7010312080383301
105373,0.3843080997467041
105384,0.3801460564136505
105395,0.4144212305545807
105464,0.2624671161174774
105533,0.5988343954086304
105544,0.46230584383010864
105577,0.4704550504684448
105588,0.4205169975757599
105599,0.6054028272628784
105602,0.6461937427520752
105668,0.4378664791584015
105679,0.419235497713089
105680,0.6324098110198975
105726,0.7764406800270081
105997,0.8783231377601624
106194,0.9111317992210388
106218,0.7927631139755249
106229,0.6661539077758789
106230,0.5441750288009644
106241,0.689238965511322
106252,0.7845199108123779
106274,0.5217976570129395
106310,0.6520951986312866
106321,0.5975519418716431
106332,0.8656069040298462
106354,0.4251292645931244
106365,0.44387906789779663
106376,0.3118690252304077
106387,0.31159186363220215
106398,0.30782195925712585
106423,0.323256254196167
106434,0.4006613790988922
106445,0.4077286124229431
106467,0.324250191450119
106478,0.39996835589408875
106489,0.44847428798675537
106490,0.5789623260498047
106503,0.8096910119056702
106514,0.49451500177383423
106581,0.16875308752059937
106650,0.6016480326652527
106683,0.41874146461486816
106707,0.47080186009407043
106730,0.482948899269104
106887,0.2787346839904785
106898,0.4078034460544586
106912,0.5007760524749756
106934,0.2266361266374588
106945,0.2330355942249298
106956,0.23656991124153137
106978,0.19948983192443848
106989,0.18984241783618927
106990,0.1889560967683792
107006,0.2139262706041336
107017,0.20183561742305756
107028,0.22389478981494904
107039,0.2253454327583313
107040,0.25817427039146423
107051,0.22978447377681732
107062,0.291458398103714
107073,0.8115489482879639
107084,0.3044201135635376
107108,0.2705222964286804
107119,0.09905979782342911
107120,0.348281592130661
107131,0.3138018548488617
107142,0.7196539640426636
107153,0.34215277433395386
107186,0.6319575905799866
107197,0.5683373808860779
107211,0.5211210250854492
107302,0.2803943455219269
107313,0.2530149817466736
107391,0.29966750741004944
107404,0.35120028257369995
107415,0.6737225651741028
107459,0.3286695182323456
107460,0.4232012629508972
107517,0.5297255516052246
107835,0.2776733338832855
107879,0.34870097041130066
107880,0.745242178440094
107926,0.6152353286743164
107982,0.44094499945640564
108010,0.72809898853302
108032,0.34801095724105835
108054,0.3663548231124878
108087,0.30112677812576294
108101,0.3576045632362366
108112,0.5651373863220215
108189,0.34941598773002625
108203,0.3322839140892029
108214,0.3810688555240631
108225,0.3889683187007904
108247,0.44657251238822937
108292,0.40765896439552307
108316,0.2841537892818451
108327,0.42261892557144165
108383,0.327142596244812
108394,0.4441758394241333
108429,0.3807344436645508
108430,0.1863493025302887
108441,0.41184768080711365
108452,0.8273331522941589
108463,0.4851958155632019
108474,0.3463585376739502
108485,0.3530304431915283
108598,0.5605580806732178
108645,0.44904428720474243
108656,0.49888747930526733
108678,0.3976871967315674
108689,0.5276209115982056
108690,0.5264168381690979
108703,0.47123202681541443
108758,0.4548553228378296
108781,0.8746005296707153
108805,0.831815242767334
108827,0.6275957822799683
108838,0.5112894177436829
108849,0.4852510988712311
108850,0.27058660984039307
108861,0.29125118255615234
108872,0.2350763976573944
108883,0.2644205391407013
108894,0.30561697483062744
108907,0.24477645754814148
108918,0.26900583505630493
108930,0.3970344662666321
108941,0.2817284166812897
108952,0.4033288061618805
108985,0.2753411531448364
108996,0.29467740654945374
109013,0.3922814726829529
109024,0.02056977152824402
109046,0.330096572637558
109057,0.27770647406578064
109068,0.2970956563949585
109080,0.3102344274520874
109091,0.3072757422924042
109217,0.4973227381706238
109433,0.9968528747558594
109524,0.7081947922706604
109591,0.5511486530303955
109604,0.39106714725494385
109648,0.36118385195732117
109659,0.28985509276390076
109660,0.25059473514556885
109671,0.23573601245880127
109682,0.2479214072227478
109693,0.28233766555786133
109739,0.3241463303565979
109740,0.3524131774902344
109751,0.3852541744709015
109762,0.3886317014694214
109773,0.5078707337379456
109784,0.601983904838562
109795,0.2726115882396698
109819,0.3928452730178833
109831,0.46422117948532104
109864,0.45166075229644775
109875,0.23787392675876617
109897,0.2732633352279663
109944,0.268568754196167
109955,0.556584894657135
109977,0.36158066987991333
109999,0.23537330329418182
110009,0.20920994877815247
110010,0.21927469968795776
110021,0.1906052976846695
110123,0.33655282855033875
110134,0.025121543556451797
110145,2.281079053878784
110156,0.13867667317390442
110189,0.4154902696609497
110190,0.429471880197525
110270,0.9241779446601868
110338,0.8199596405029297
110383,0.7234033346176147
110429,0.6491492986679077
110430,0.42373791337013245
110452,0.4122655391693115
110496,0.3480127155780792
110532,0.34808439016342163
110543,0.30090799927711487
110565,0.3536169230937958
110587,0.4257811903953552
110598,0.40412771701812744
110601,0.8785211443901062
110612,1.4323220252990723
110623,0.36355552077293396
110634,0.6868177652359009
110656,0.8269637227058411
110678,0.42243295907974243
110689,0.36439570784568787
110690,0.6182433366775513
110714,0.3357577323913574
110747,0.3232509195804596
110805,0.5069836974143982
110816,0.31675809621810913
110827,0.20980435609817505
110838,0.21642909944057465
110850,0.2773173749446869
110861,0.24771714210510254
110872,0.24861598014831543
110883,0.30913612246513367
110894,0.24490956962108612
110918,0.3208622336387634
110930,0.43467703461647034
110941,0.7860885262489319
110952,0.5969319939613342
110963,0.31713220477104187
110974,0.7587983012199402
111013,1.260599970817566
111115,0.5648216605186462
111137,0.44403666257858276
111148,0.7353253960609436
111159,0.526971697807312
111160,0.3524368703365326
111206,0.993779182434082
111251,0.39093032479286194
111262,0.4054153859615326
111273,0.5714285969734192
111295,0.769344687461853
111308,1.0889583826065063
111364,0.0921243280172348
111400,0.45649880170822144
111422,0.7413758039474487
111433,0.3529077172279358
111444,0.421066552400589
111466,0.577252984046936
111477,0.3695209324359894
111499,0.36746153235435486
111557,0.6063490509986877
111615,0.9614440202713013
111626,1.1737799644470215
111659,0.39760199189186096
111660,0.39528176188468933
111682,0.5479536652565002
111693,1.1433992385864258
111706,0.575206995010376
111717,0.4272206127643585
111762,0.5080882906913757
111773,0.5273278951644897
111784,0.2750564515590668
111820,0.7080532908439636
111842,0.4485825300216675
111853,0.4654558598995209
111864,0.47734513878822327
111875,0.5969012379646301
111900,0.5193865895271301
111922,0.5443254709243774
111966,0.5108064413070679
112050,0.7356583476066589
112061,0.6130435466766357
112072,0.6337517499923706
112129,0.5815149545669556
112141,0.6364578604698181
112152,0.6073735952377319
112232,0.2530090808868408
112254,0.44570451974868774
112276,0.5704242587089539
112301,0.5994120240211487
112312,0.5352784395217896
112323,0.5159031748771667
112345,0.7263738512992859
112356,0.8028701543807983
112367,0.767773449420929
112378,0.8943815231323242
112390,0.9054988622665405
112403,0.5714995861053467
112414,0.5575776100158691
112425,0.6599485874176025
112447,0.593463122844696
112481,0.6640652418136597
112492,0.750675618648529
112538,0.7123620510101318
112549,0.6792775392532349
112550,0.6235780715942383
112583,0.5704490542411804
112594,0.7712043523788452
112607,0.8012185096740723
112618,0.9555706977844238
112629,0.960617184638977
112630,0.9160928130149841
112674,1.018459677696228
112709,0.7394928336143494
112721,0.7678360939025879
112732,0.7772706747055054
112765,0.8713895082473755
112798,1.0340713262557983
112856,1.2334564924240112
112889,0.7938075065612793
112925,0.8409292101860046
112958,0.8819324970245361
115071,0.1433083713054657
115106,0.19702225923538208
115117,0.1947685331106186
115184,0.4033345878124237
115195,0.623727560043335
115219,0.27349695563316345
115220,0.17086075246334076
115253,0.356219619512558
115775,0.30645447969436646
116110,0.25174662470817566
116143,0.2096802443265915
116154,0.333225280046463
116530,0.6874978542327881
116541,0.4081942141056061
117215,0.47645679116249084
117395,1.453118085861206
117817,0.9312551021575928
117840,1.09421968460083
118412,0.9104077816009521
118456,0.4767782688140869
118558,0.8068671822547913
118741,0.5429999828338623
118901,0.656620442867279
118912,0.47619467973709106
118967,0.8454029560089111
119368,0.5607268810272217
119437,0.5710931420326233
119619,0.47518619894981384
119642,0.31197720766067505
119653,0.301536500453949
119675,0.6654525399208069
120127,0.34922289848327637
120514,0.6976804137229919
120616,0.7118312120437622
120661,1.1707404851913452
120729,0.4340810477733612
120809,0.46213603019714355
120821,0.3598107099533081
120832,0.13662561774253845
120923,0.2910553812980652
120945,0.28828033804893494
121324,0.5845049619674683
121335,0.9406713843345642
121346,0.5554333925247192
121448,0.3449176549911499
121459,0.3236621022224426
121697,0.39474841952323914
121711,0.2599429786205292
121733,0.39652884006500244
121824,0.5408075451850891
121982,0.6401772499084473
122281,0.6790111064910889
122394,0.5995383262634277
122510,0.5571189522743225
122781,0.5407527089118958
122792,0.4293309152126312
122963,0.2564544975757599
122996,0.5627955198287964
123013,0.7358803153038025
123046,0.4403534531593323
123057,0.4078773260116577
123079,0.47370824217796326
123080,0.8988442420959473
123115,0.6081991195678711
123159,0.3875109851360321
123193,0.41661205887794495
123251,0.6491994261741638
123308,0.8230313062667847
123319,0.6231601238250732
123353,0.3845149576663971
123386,0.2686997056007385
123397,0.9800043702125549
123422,1.0315330028533936
123444,0.6384091973304749
123513,0.5673786401748657
123546,0.2958903908729553
123568,0.632434070110321
123626,0.5326982736587524
123637,0.5751169919967651
123660,0.5277414321899414
123728,0.41205501556396484
123739,0.30223533511161804
123751,0.27902498841285706
123820,0.40154874324798584
123864,0.448530912399292
123911,0.2740093469619751
123922,0.49156996607780457
123955,0.9367666244506836
123966,0.5882813930511475
123999,1.0162148475646973
124027,0.28218382596969604
124049,0.2924352288246155
124061,0.8788442015647888
124072,0.7814905643463135
124094,0.46932876110076904
124107,0.739387035369873
124118,0.4221910834312439
124129,0.47956231236457825
124130,0.4521884024143219
124174,0.7831357717514038
124185,0.4851469099521637
124196,0.5030607581138611
124221,0.7179804444313049
124265,0.6544972062110901
124301,0.8517655730247498
124389,0.23899999260902405
124403,0.29473474621772766
124685,0.7302382588386536
124732,0.23381640017032623
126330,0.454207181930542
126841,0.9489104151725769
126987,0.2181181013584137
126998,0.24190767109394073
127004,0.7265009880065918
127060,0.7952424883842468
127184,0.2588505148887634
127195,0.39355456829071045
127639,0.3778949975967407
127913,0.30764803290367126
128392,0.4885062575340271
129000,0.811466634273529
129793,0.8077170848846436
130154,0.8392987847328186
130950,0.3463864028453827
131113,0.5868374705314636
131168,0.7025258541107178
132649,0.37142208218574524
132650,0.3722105622291565
133084,0.7194849252700806
133131,0.6565009355545044
134327,0.5312319397926331
134816,0.499834805727005
135013,0.39400768280029297
135193,0.4909133315086365
135988,0.35488182306289673
137326,0.5805853605270386
137586,1.5383349657058716
138227,0.6422090530395508
138863,0.3510870635509491
140114,0.5106251239776611
140294,0.4434565305709839
140318,0.39253103733062744
140670,0.46031302213668823
140761,0.34353914856910706
140885,0.35040122270584106
141048,0.841262936592102
141059,0.6731655597686768
141286,0.7681838870048523
141322,0.45465999841690063
141435,0.5621607303619385
141786,0.3656989634037018
141797,0.3422163426876068
141866,0.35464346408843994
141935,0.3984299302101135
141979,0.5167719721794128
142187,1.1509026288986206
142289,0.2757260203361511
142290,0.20071040093898773
142621,0.7363181114196777
142687,0.21964938938617706
142825,0.3497421443462372
142847,0.45477187633514404
142927,0.5235692858695984
142961,0.4483781158924103
143077,0.8788061738014221
143088,0.5849743485450745
143168,0.678427517414093
143248,0.7170032858848572
143271,0.8588427305221558
144832,0.22301295399665833
149326,1.1268043518066406
149575,0.8087186217308044
150685,1.0278691053390503
151564,0.3213808238506317
151677,0.33105161786079407
153184,1.047224998474121
156387,0.3891804814338684
156592,0.20617689192295074
156605,0.20144125819206238
191071,1.001854658126831
198550,0.6600000262260437
206440,0.7146304249763489
207830,0.6447041034698486
208968,0.3640652894973755
217594,0.1435229331254959
238846,0.6788841485977173
243174,0.21935433149337769
260946,0.3795975148677826
280579,0.18507693707942963
281232,0.6600000262260437
286204,0.2905268669128418
286624,0.3681373596191406
287923,0.1948646754026413
288131,0.40055617690086365
288324,1.0476723909378052
288471,0.24966461956501007
288880,0.7799980044364929
288948,0.3663046360015869
289952,0.4879814684391022
290379,0.2550148069858551
291645,0.24352586269378662
292648,0.24983736872673035
293969,0.30625563859939575
294622,0.3511873483657837
294939,0.5620508193969727
295658,0.5128328800201416
298464,0.48521286249160767
302012,0.6359211206436157
306832,0.2820781469345093
306945,0.4993875026702881
307346,0.6180658340454102
307993,0.8570917844772339
311897,0.891755998134613
319846,1.2911357879638672
321380,0.3424849212169647
327548,0.3556532561779022
329715,0.6774822473526001
330541,0.79475337266922
333368,0.4883095920085907
334485,0.7536489367485046
335273,0.4869690537452698
335444,0.3313675820827484
335579,0.5253664255142212
335659,0.40299656987190247
335999,0.4160829484462738
352329,0.2971298396587372
352932,0.29798513650894165
353366,0.22159340977668762
353593,0.17967098951339722
353855,0.2660265564918518
354063,0.23503553867340088
354212,0.23399044573307037
354234,0.27759572863578796
354256,0.27598845958709717
354336,0.30552199482917786
354585,0.24181115627288818
355022,0.4262476861476898
355044,0.4590373635292053
355259,0.37085866928100586
355420,0.4953281879425049
355680,0.4320000112056732
356241,0.5131644606590271
359353,0.29302918910980225
359706,0.5424238443374634
363724,0.37362200021743774
367113,0.27634119987487793
367237,0.23477372527122498
371788,0.30748748779296875
372189,0.27572518587112427
372383,0.30923253297805786
373444,0.5887311697006226
373808,0.2708186209201813
374016,0.6270462870597839
374072,0.25430265069007874
375031,0.4027424454689026
375837,0.5453810095787048
375962,0.4946211278438568
376772,0.3943566083908081
377366,0.40237438678741455
378165,0.36409711837768555
382343,0.3712179958820343
392563,0.3989400565624237
406780,0.500809907913208
407250,0.486329585313797
420042,0.17603354156017303
420268,0.2333001345396042
420462,0.26223084330558777
421147,0.27227509021759033
421501,0.41794711351394653
422640,0.7069635987281799
423552,0.8076860904693604
425821,0.32119107246398926
428591,0.313237726688385
431038,0.514885663986206
431470,0.3429259955883026
431630,0.36973074078559875
431890,0.3559707701206207
433976,0.9254090189933777
434640,0.46997883915901184
439145,0.6922943592071533
443696,0.7348262071609497
454922,0.9810725450515747
460128,0.8746370673179626
460731,0.3780819773674011
462066,0.24338439106941223
462088,0.44158944487571716
462953,0.3660878539085388
463490,0.20326490700244904
463581,0.0976758673787117
463821,0.1967487782239914
464062,0.24835233390331268
464073,0.366983562707901
464493,0.38770195841789246
470826,0.32549503445625305
473552,0.2855064272880554
473983,0.9679574966430664
477758,0.3678719699382782
481210,0.9863288402557373
483658,0.5901097059249878
486259,0.47225168347358704
490642,1.0278335809707642
491350,0.44383805990219116
491703,0.16446372866630554
492228,0.840299665927887
492626,0.19814667105674744
493016,0.28587186336517334
493027,0.2906721532344818
496117,0.3087904453277588
496786,0.5273308157920837
499752,0.47559234499931335
499763,0.45052170753479004
501246,0.7211464047431946
501360,0.7837009429931641
501520,0.6820943355560303
501655,0.20225973427295685
502410,0.47885826230049133
502421,0.33491435647010803
502443,0.36775973439216614
502567,0.503798246383667
502863,0.29004332423210144
503297,0.34898507595062256
503300,0.22761070728302002
503742,0.6503319144248962
504030,0.29216569662094116
504154,0.6287356615066528
504290,0.4482814371585846
504609,0.24319498240947723
504632,0.6320744156837463
505226,0.2790988087654114
505486,0.3949214220046997
505657,0.27372100949287415
506127,1.004303216934204
506309,1.184435248374939
507197,0.0576527938246727
507200,0.23168349266052246
509148,0.24927493929862976
512516,0.3926509618759155
513359,0.28142663836479187
513360,0.3685033619403839
513371,0.26299771666526794
513382,0.25122740864753723
513440,0.25057995319366455
513859,0.7952413558959961
513860,0.2947361171245575
515844,0.3832647204399109
519448,0.7362456917762756
519879,0.5271173715591431
526738,0.3669867217540741
526750,0.4248804450035095
527355,0.5220583081245422
527537,0.4226221740245819
527548,0.5215628743171692
527606,0.49307116866111755
528290,0.6067190766334534
528449,0.25297969579696655
528507,2.2977983951568604
529191,0.45340901613235474
529204,0.4225551187992096
529340,0.3617172837257385
530916,0.5097380876541138
533175,0.5484557151794434
533584,0.31992307305336
534156,0.3273771405220032
534225,0.2548108696937561
536754,0.324485719203949
536787,0.31671905517578125
538238,1.1964455842971802
538249,1.4865649938583374
538589,0.4541482925415039
538681,0.44282644987106323
538932,0.37936845421791077
539037,0.553113579750061
539822,0.4730316996574402
540103,0.5299006700515747
540181,0.6002469658851624
540363,0.28368330001831055
540421,0.41150325536727905
540545,0.2163301706314087
540590,0.2079153209924698
540636,0.26080092787742615
540670,0.2336442619562149
540841,0.3035682439804077
540885,0.37762489914894104
541355,0.5820053815841675
541731,0.2825016975402832
541855,0.41381657123565674
542187,0.2581293284893036
542449,1.3204973936080933
542541,0.412143349647522
542552,0.40529564023017883
542596,0.6258015036582947
542767,0.46110498905181885
543497,0.5497451424598694
543599,0.30457958579063416
544014,0.5179983377456665
544105,0.39676252007484436
544138,1.0651493072509766
544252,0.28498151898384094
544354,1.2626961469650269
544638,0.9395886659622192
544763,0.7321793437004089
544854,1.4250001907348633
547637,0.36131706833839417
552329,0.7745600938796997
552896,0.06266244500875473
553902,0.5282014608383179
554121,0.33074310421943665
554143,0.2480427324771881
554950,0.0637756884098053
555168,0.5338422656059265
555442,1.7304044961929321
555453,1.629725456237793
556649,0.3419090509414673
556672,0.5966612100601196
556821,0.5861225128173828
557175,0.27121829986572266
557404,0.33378586173057556
557915,0.24743588268756866
558305,0.282504141330719
562492,0.26644009351730347
563451,0.20654617249965668
563462,0.2407962679862976
563473,0.26157402992248535
563780,0.24967621266841888
563791,0.2919880449771881
563804,0.3388081192970276
565593,0.2935466468334198
565606,0.7620813846588135
565617,0.3372381031513214
565673,0.495675265789032
565753,0.3120616674423218
565800,0.3479675054550171
569415,0.5455177426338196
571584,0.4647561311721802
571619,0.41125553846359253
573568,0.5504032969474792
574196,0.43631723523139954
574390,0.6122193932533264
575417,0.4849504828453064
575439,0.4429999887943268
576261,0.4075569808483124
577195,0.5509279370307922
577559,0.4421728551387787
577719,0.6774822473526001
578541,0.44056010246276855
578585,0.3616087734699249
579759,0.8838617205619812
581408,0.44208860397338867
581420,0.45507338643074036
582161,0.40946152806282043
583482,0.33826810121536255
583584,0.333304226398468
583595,0.5333825349807739
583608,0.3192041516304016
583619,0.33825671672821045
584021,0.5137350559234619
584032,0.6382714509963989
584941,0.34640249609947205
585795,0.5368133187294006
586118,0.6774822473526001
586301,0.5505074262619019
586787,0.5150792598724365
587020,0.45246848464012146
588078,0.5510137677192688
588590,0.3569609820842743
589162,0.46254825592041016
589344,0.3195437490940094
589355,0.5320809483528137
589388,0.3772541880607605
589435,0.34668299555778503
589537,0.37081092596054077
589559,0.5644071698188782
589628,0.5907894372940063
589753,0.6506981253623962
589811,0.3690536916255951
589822,0.5532000064849854
589902,0.2864825427532196
589913,0.6661076545715332
589924,0.30912595987319946
589935,0.3853257894515991
589980,0.5941037535667419
590012,0.4687117040157318
590023,0.5045198202133179
590181,0.20211534202098846
590352,0.28607189655303955
590363,0.5783030986785889
590738,0.3369736671447754
590863,0.29573559761047363
591220,0.3438635766506195
591231,0.5439001321792603
591242,0.33783450722694397
591275,0.7169494032859802
591491,0.27015218138694763
591504,0.24731199443340302
591684,0.5920550227165222
591764,0.3285822570323944
591786,0.3977518081665039
591877,0.37672850489616394
591935,0.23406484723091125
592132,0.35622137784957886
592278,0.38094663619995117
592416,0.287803053855896
592427,0.2534814178943634
592574,0.21893499791622162
592767,0.3312392234802246
592778,0.3449326455593109
592789,0.3386998176574707
592847,0.3567637503147125
592905,0.2639378309249878
593088,0.6569268703460693
593395,0.739998459815979
593408,0.739998459815979
593453,0.7881902456283569
593497,1.2402995824813843
593533,0.19646543264389038
593704,0.19900000095367432
594207,0.2802462577819824
594274,0.27810123562812805
594605,0.5698809027671814
594832,0.619879961013794
595415,0.45179447531700134
597499,0.4686709940433502
598232,0.11010298877954483
598323,0.48353132605552673
598425,0.42498576641082764
598538,0.26626452803611755
598550,0.24036742746829987
598561,0.25045323371887207
598754,0.5192874670028687
598981,0.3340718746185303
598992,0.3435448706150055
600146,0.4233456254005432
600362,0.42884719371795654
601898,0.7042590975761414
602551,0.7880149483680725
603350,0.49153682589530945
603623,0.6893147230148315
604353,0.7680830359458923
605390,0.39270535111427307
606202,0.4600945711135864
609085,0.6046555638313293
610399,0.5993686318397522
611325,0.3486984074115753
611450,0.5641229152679443
611643,0.6045106053352356
611927,1.2149789333343506
612237,0.38126707077026367
612602,0.47184374928474426
613127,0.624826967716217
613310,0.4634608328342438
613843,0.9061688780784607
614960,0.602770984172821
616091,0.5552383065223694
616239,0.7422155141830444
616240,0.3291725814342499
616251,0.6133795380592346
616386,0.3365541398525238
616397,0.3033131957054138
616444,0.2540922164916992
616455,0.7191460132598877
617298,0.4473920166492462
617845,0.37118321657180786
617947,0.36663779616355896
618360,0.29118749499320984
618859,0.2404465526342392
619216,0.5176082253456116
619658,0.8663151860237122
619669,0.6654525399208069
620020,0.47927558422088623
620177,0.4755047857761383
620224,0.45260104537010193
620406,0.761376678943634
621705,0.8326320648193359
621829,1.08683443069458
622457,0.445183664560318
623370,0.5300155282020569
623427,0.37619948387145996
623563,0.468917578458786
623847,0.6627733707427979
624168,0.8026735782623291
624226,0.5909960269927979
624248,0.3584364056587219
624384,0.12105078250169754
624419,0.44030460715293884
624486,0.5682558417320251
624497,0.5495161414146423
624646,0.21098856627941132
624782,0.1875590980052948
624839,-0.08408449590206146
624895,0.24248439073562622
624919,0.492766797542572
624920,0.2295731157064438
625069,0.436526894569397
625230,0.5084035396575928
625252,0.4626993238925934
625274,0.2968357503414154
625309,0.3631732761859894
625445,0.29980337619781494
625489,0.19302219152450562
625503,0.5971506834030151
625547,0.2803000509738922
625558,0.198232963681221
625650,0.32908895611763
625865,0.3220672905445099
626233,0.3531935513019562
626391,0.3622702658176422
626562,0.2822650372982025
626584,0.28066566586494446
626675,0.21059302985668182
626868,0.8222433924674988
626891,0.5603422522544861
626937,0.5570704340934753
627087,0.31967633962631226
627190,0.16827581822872162
627203,0.2536662518978119
627214,0.06554221361875534
627394,0.653480052947998
627429,0.32104167342185974
627918,0.8571839332580566
627930,0.6056603193283081
627974,0.3790263235569
628171,0.2107730358839035
628284,0.3169177174568176
628320,0.3335723876953125
628411,0.23898623883724213
628513,0.5610792636871338
628557,0.4004719853401184
628637,0.4735981225967407
628671,0.6915732026100159
628717,0.3278807997703552
628739,0.39218589663505554
628808,0.3436652421951294
628819,0.34809255599975586
628897,0.9308338761329651
628922,0.2630305886268616
628977,0.9618597626686096
628999,0.6018480062484741
629049,0.47316670417785645
629050,0.35580793023109436
629118,0.7379504442214966
629141,0.5153098702430725
629196,0.4023878574371338
629334,0.4052763283252716
629403,1.3619582653045654
629414,0.7392176985740662
629505,0.6083749532699585
629549,1.1117162704467773
629594,0.6456761360168457
629629,0.6840308904647827
629630,0.650721549987793
629663,1.0499266386032104
629732,0.7236716747283936
629765,0.8386127948760986
629787,0.7504003643989563
629798,0.6828686594963074
629823,0.7353470921516418
629925,0.8458723425865173
629947,0.9264695644378662
629969,0.9738172292709351
629970,0.9659481048583984
629992,1.159774899482727
630013,1.1318732500076294
630024,1.2639961242675781
630035,1.4968984127044678
630057,1.4856728315353394
630068,1.4195016622543335
630080,0.04090677201747894
630171,0.2971042990684509
630206,0.25643208622932434
631367,0.38179224729537964
632224,0.4328364431858063
632928,0.6828376054763794
635814,0.591273307800293
636282,0.4107784628868103
637785,0.5254738330841064
637876,0.3126774728298187
637923,0.3276281952857971
638119,0.4454670250415802
638493,0.4883768558502197
638539,0.8582032918930054
638653,0.886953592300415
638675,1.0506988763809204
638686,1.182037353515625
643287,0.42341020703315735
644086,0.43102869391441345
644359,0.4926930367946625
645567,0.5027782917022705
645625,0.40682581067085266
646048,0.2488255649805069
646060,0.28152626752853394
646242,0.6308587193489075
646311,1.0572764873504639
651069,1.0623269081115723
661198,1.015548586845398
665167,0.3614349961280823
674828,0.34718772768974304
677214,0.23319876194000244
678262,0.4214628040790558
678397,0.6514249444007874
680319,0.5510497689247131
681845,0.48072829842567444
683089,0.8996444344520569
684162,0.36657389998435974
685916,0.47965019941329956
687478,0.677892804145813
689123,0.3611500859260559
689974,0.19612260162830353
690391,0.3748120665550232
691372,0.25663843750953674
693027,0.26209113001823425
693652,0.5208330750465393
694359,0.18967701494693756
695067,0.3883647918701172
696071,0.6196042895317078
696297,0.3181909918785095
696300,0.28465747833251953
696719,0.8195587992668152
697825,0.5060958862304688
698715,0.5307576060295105
700129,0.5267613530158997
702794,0.2750612795352936
706149,0.5533120036125183
706796,2.398500442504883
711795,0.18196989595890045
723466,0.9271239042282104
758167,0.4234970808029175
758963,0.4751855731010437
760203,0.3144308030605316
763291,0.2831272780895233
763326,0.5301764607429504
764352,0.24490869045257568
764476,0.3120329976081848
764603,0.5812392234802246
765128,0.7492458820343018
765435,0.31653836369514465
766030,0.2134184092283249
766096,0.21515537798404694
766154,0.30778297781944275
773820,0.22957825660705566
776352,0.42121627926826477
779022,0.7518740892410278
781431,0.6356256604194641
807283,0.8146224617958069
811972,0.327019065618515
818382,0.6691933274269104
821090,0.5470037460327148
821556,0.5124226808547974
821954,0.5165368318557739
823223,0.4137715697288513
827521,0.380906879901886
832699,0.5652838349342346
840653,0.720239520072937
868779,0.6606799364089966
871227,0.5769596695899963
871830,0.5470445156097412
872059,0.47170254588127136
872504,0.3753557801246643
872559,0.26178255677223206
873949,0.364488422870636
874146,0.35691970586776733
918025,0.32185032963752747
919948,0.33823251724243164
925600,0.40216171741485596
925780,0.44154781103134155
926578,0.3951975405216217
926669,0.2828943431377411
927628,0.35590511560440063
928494,0.18874616920948029
929066,0.5769557356834412
929599,1.0700383186340332
929726,0.822353184223175
929771,1.0689717531204224
930223,0.37404531240463257
931179,0.6049172878265381
935922,0.4245634973049164
939275,0.40315428376197815
961682,0.7087829113006592
993953,0.5321909189224243
994058,0.30840280652046204
996350,0.26991650462150574
1000631,0.42811864614486694
1002842,0.9298551082611084
1003389,0.4069625735282898
1004360,0.020521016791462898
1016053,0.334386944770813
1069530,0.35496756434440613
1070786,0.31239980459213257
1071267,0.39013490080833435
1072964,0.36489829421043396
1077163,0.4966866374015808
1078713,0.5312582850456238
1081772,0.6091709733009338
1097514,0.8750545978546143
1116401,0.585273802280426
1116763,0.8579311370849609
1119400,0.5432885885238647
1119659,0.1588892787694931
1120065,0.6796003580093384
1120214,0.5413101315498352
1120258,0.921545147895813
1120485,0.7841260433197021
1120565,0.11894197762012482
1120623,0.1621052771806717
1122629,0.1439199000597
1123940,0.4824107885360718
1125800,0.41931408643722534
1127760,0.43367457389831543
1132214,0.9135968685150146
1141384,1.00309419631958
1159531,0.9411645531654358
1185337,0.6573939323425293
1187582,0.9323056936264038
1187935,0.32026705145835876
1188110,0.6128705143928528
1190767,0.3436681926250458
1191953,0.25401389598846436
1191997,0.24009943008422852
1192229,0.25593969225883484
1195795,0.3889409899711609
1197348,0.5683812499046326
1333740,-0.2204817831516266
1436346,0.20385083556175232
1459105,0.8794549703598022
1459934,0.6143270134925842
1460022,0.5716697573661804
1467794,0.29318350553512573
1484806,0.3240411877632141
1484873,0.722769558429718
1499101,1.0837819576263428
1501822,0.5346282124519348
1520441,0.48090431094169617
1551446,0.595879852771759
1565806,0.6188180446624756
1569013,0.4775008261203766
1569502,0.5662975907325745
1574410,0.24886949360370636
1589497,0.3690517246723175
1599413,0.2016363888978958
1603403,0.5150870084762573
1608260,1.1628996133804321
1622613,0.33388426899909973
1630086,0.9847298860549927
1634044,0.2651590406894684
1638228,0.5565791130065918
1640897,0.27062365412712097
1653196,0.34359800815582275
1653301,0.668469250202179
1678917,0.29389092326164246
1678928,0.32749199867248535
1678939,0.3697627782821655
1683814,0.4793883264064789
1687612,0.48656249046325684
1687645,0.4675372540950775
1689823,0.8407072424888611
1708298,0.2435550093650818
1717006,0.21983899176120758
1719535,0.3285791277885437
1724396,0.6045035719871521
1731846,0.6238941550254822
1731880,0.8523906469345093
1731926,0.9446119070053101
1731948,0.9686481356620789
1732098,0.6314976215362549
1738256,0.5880823135375977
1755017,0.15518905222415924
1775957,0.6854200959205627
1795273,0.34686973690986633
1809105,0.2770882844924927
1820811,0.34148019552230835
1873887,0.5251745581626892
1912249,1.1744691133499146
1921706,0.788871169090271
1937628,0.909574568271637
1942456,0.09510813653469086
1975786,0.6055575013160706
1996889,0.44550225138664246
2004708,0.2397681623697281
2016424,0.7683145999908447
2016571,0.6788862347602844
2027170,0.44438114762306213
2040962,0.32008811831474304
2049958,0.3529485762119293
2050604,0.8159995675086975
2050922,0.5765746831893921
2051072,0.5598554611206055
2051629,0.47215884923934937
2078548,0.4961835741996765
2110783,0.6465004682540894
2131182,0.6171739101409912
2131411,0.49979496002197266
2146385,0.26480576395988464
2146396,0.261604368686676
2146410,0.2878411114215851
2156970,0.9941645264625549
2162994,0.5086209177970886
2163000,0.42402955889701843
2168936,0.49530237913131714
2176627,0.13554921746253967
2189608,0.5882165431976318
2207014,0.2722151279449463
2207047,0.26789942383766174
2216333,0.4030418395996094
2216344,0.5318698883056641
2219730,0.49121904373168945
2219821,0.4520951211452484
2244168,0.5746865272521973
2292797,0.538584291934967
2309071,0.6645820140838623
2314785,0.0473824106156826
2314978,0.17592641711235046
2349077,0.5796460509300232
2363895,0.5018799304962158
2367820,0.34635311365127563
2396636,0.15519508719444275
2396658,0.2921057641506195
2402791,0.1316531002521515
2409554,0.7119255661964417
2423010,0.349715918302536
2426075,0.5281802415847778
2432873,0.9035093188285828
2437254,0.6057716012001038
2439545,0.545167863368988
2445763,0.5933218002319336
2461407,0.5668564438819885
2467109,0.7187289595603943
2495376,0.5340583324432373
2496255,0.9693072438240051
2496266,1.021457314491272
2497349,0.9449708461761475
2517433,0.5904309153556824
2550267,0.533588171005249
2556732,0.3883163630962372
2568969,0.43310582637786865
2639636,0.6601841449737549
2687914,0.3173914849758148
2738194,0.378435879945755
2745177,0.49983978271484375
2777584,0.9222264289855957
2783177,0.7000270485877991
2807309,0.4697192311286926
2809678,0.32678893208503723
2816571,0.23621374368667603
2825823,0.3646908104419708
2825834,0.3253464996814728
2837890,0.2876846492290497
2867472,0.5187255144119263
2868373,0.46388673782348633
2872528,1.3987188339233398
2902967,-0.12362825870513916
2916316,0.3191181421279907
2922512,0.7579793930053711
2958761,0.337211549282074
2998085,0.322138249874115
2998234,0.4691177010536194
3008502,0.28943175077438354
3041165,0.38795140385627747
3048644,0.2684846818447113
3048655,0.16289155185222626
3070539,0.3047470450401306
3073663,0.2930853068828583
3114703,0.47462236881256104
3121797,0.557851254940033
3153375,0.47906294465065
3178221,0.3258498013019562
3221612,0.45498883724212646
3316094,0.054802700877189636
3368169,0.7372475862503052
3405456,0.48543602228164673
3425614,1.5740013122558594
3452093,0.40694624185562134
3452979,0.6316348910331726
3453994,0.3197329044342041
3508007,0.7302273511886597
3522949,0.3645315170288086
3634922,1.0090621709823608
3710303,0.37463265657424927
3710847,0.6502699255943298
3741002,0.40260371565818787
3796701,0.5529230833053589
3822682,0.32706788182258606
3846502,0.5857325196266174
3852093,0.49755680561065674
3922369,0.8043394088745117
3938952,0.4000222384929657
3943973,0.6057965159416199
3970625,0.48629212379455566
3978812,0.27052605152130127
4050457,0.3131474554538727
4091398,0.9784549474716187
4132723,0.6084774136543274
4170303,0.3702831566333771
4181957,1.7687780857086182
4253912,0.30567774176597595
4270273,0.6201560497283936
4351546,0.15948660671710968
4390049,0.5355478525161743
4394858,0.37654224038124084
4402328,0.6164431571960449
4432773,0.28829991817474365
4437858,0.38892197608947754
4439241,0.5588175654411316
4442799,0.47321003675460815
4513535,0.6168780326843262
4516692,0.2731441259384155
4549320,0.6939366459846497
4695629,0.19672276079654694
4730227,0.5132532119750977
4747073,0.4181215167045593
4755333,0.3266725242137909
4798441,0.4307067096233368
4798587,0.6278566122055054
4911700,0.5694658160209656
4940118,0.9446477293968201
5101440,0.505150556564331
5131668,0.5116328597068787
5209314,0.4487128257751465
5292217,0.652685284614563
5308258,0.19230075180530548
5337724,0.3967534005641937
5392405,0.8895653486251831
5405414,0.6594117879867554
5451923,0.7278757691383362
5459938,0.38803964853286743
5470020,0.24372351169586182
5500210,0.27474892139434814
5573319,0.48965880274772644
5726192,0.4279276132583618
5856666,1.4970061779022217
5870939,0.7763274312019348
5878193,0.501376211643219
5891214,0.6472744941711426
5911046,0.4545438289642334
5921540,0.5559614300727844
5989275,0.3759315013885498
5989548,0.3156428337097168
6004382,0.3968348205089569
6006957,1.2337502241134644
6032297,0.5636845231056213
6114187,0.8781918287277222
6156258,0.08709089457988739
6168725,0.7387291789054871
6175491,0.606782853603363
6192445,0.5563517212867737
6196583,0.44112974405288696
6213907,0.6401190161705017
6214284,0.6401190161705017
6222351,0.5156069993972778
6290499,0.4480181336402893
6291845,0.5768260359764099
6333079,0.7083835601806641
6382145,0.557127058506012
6434782,0.41829854249954224
6485401,0.41924506425857544
6596403,1.3950843811035156
6623967,0.49305880069732666
6628655,0.6861333250999451
6737117,0.3873830735683441
6742547,0.7325341105461121
6753986,0.4907083511352539
6795875,0.28197181224823
6837247,0.5087908506393433
6863587,0.3745284676551819
6876137,0.29610446095466614
6881943,0.6104845404624939
6920225,0.5804152488708496
6921353,0.3447142243385315
6939726,0.8308243751525879
7003329,0.3323683440685272
7058017,0.3311767578125
7087685,0.3999066650867462
7098228,1.571229100227356
7098240,1.6666576862335205
7155126,0.6841124296188354
7194856,1.5622557401657104
7207490,0.366077184677124
7207503,0.26217207312583923
7207514,0.24095657467842102
7235407,0.5069301128387451
7294055,0.4946599006652832
7299992,1.1782594919204712
7311300,0.7229154109954834
7372885,0.31628894805908203
7378996,0.5563607215881348
7400080,0.7520162463188171
7409441,0.6564120650291443
7439909,0.0005574597744271159
7440371,-0.005021028220653534
7440597,-0.5304257273674011
7440633,0.0032861963845789433
7445478,0.5949349403381348
7446095,0.2518133521080017
7446700,1.72077476978302
7452791,0.44778338074684143
7516827,0.6929869651794434
7529331,0.8357364535331726
7550450,0.20267519354820251
7553562,0.08097625523805618
7637072,0.3930000066757202
7642048,0.38204026222229004
7642151,0.37260276079177856
7646788,0.2603316605091095
7647010,0.12613630294799805
7664393,0.32899999618530273
7664417,0.2546433210372925
7667803,1.4337323904037476
7688213,0.2800634801387787
7704349,0.2461150884628296
7719122,0.2215341478586197
7722841,0.4578295350074768
7726956,0.1710333377122879
7727379,0.036969397217035294
7732185,0.34426432847976685
7782390,-0.13832403719425201
7782414,0.13240504264831543
7782447,0.021226322278380394
7782505,0.08752378076314926
7783064,0.096808522939682
7783779,0.23377445340156555
7783826,0.2570204436779022
7784341,0.17875593900680542
7785264,0.2495313286781311
7789200,0.3638492822647095
7790912,0.3254283666610718
7791255,0.4582161605358124
10024972,0.161823108792305
10025679,0.2036740779876709
10025873,0.237855926156044
10026047,0.2212803214788437
10028156,0.19082248210906982
10034852,0.04899999871850014
10035106,0.08799999952316284
10038989,0.2191282957792282
10061015,0.2412535548210144
10099704,0.6690497994422913
10102439,0.68091881275177
10102440,0.8339999914169312
10203324,0.7684406638145447
10222954,0.5424883365631104
10405853,0.4200563132762909
10458147,0.409454345703125
10544635,0.4335118532180786
10544726,0.8508563041687012
12125029,3.9200000762939453
13027888,0.2852274775505066
13029099,0.364960640668869
13171181,0.3680729269981384
13269528,0.31946220993995667
13349105,0.5682522058486938
13360639,0.4529537558555603
13389429,0.4131382703781128
13423159,0.1896112859249115
13466789,0.29586824774742126
13509529,0.10483936220407486
13523869,0.7220743298530579
13536942,0.1008199080824852
13545045,0.43252190947532654
13637633,0.21324467658996582
13650709,0.6936553120613098
13952846,0.2817690372467041
14027782,0.729880154132843
14167590,1.5635137557983398
14174095,1.31178617477417
14187327,0.7500409483909607
14450056,0.977935254573822
14620361,0.9222264289855957
14686136,0.3553731441497803
14689975,0.5614699125289917
14697484,0.861232340335846
14850227,0.37893474102020264
14850238,0.3934950530529022
14919018,0.38184523582458496
14979396,0.39168474078178406
15174693,0.2423977255821228
15232765,0.09819663316011429
15687271,0.6462035775184631
15834045,0.9433173537254333
16136848,0.21988701820373535
16136859,0.21377205848693848
16219753,0.23979640007019043
16325636,0.5939719676971436
16747265,0.328599750995636
17071475,0.44922715425491333
17301949,0.5786651968955994
17348593,0.36078333854675293
17455139,0.6376560926437378
17961103,0.8375215530395508
17961147,0.8366332650184631
17998026,0.6063862442970276
18370871,0.4337233006954193
18479577,0.5885915160179138
18912817,0.7060660719871521
19132060,0.7929049134254456
19327389,1.1101268529891968
19463480,0.7090701460838318
19600636,0.4677980840206146
19646072,0.5406761765480042
19740900,0.3883214592933655
19780257,0.3829531669616699
19836783,0.8736928105354309
19847122,0.33046454191207886
19961274,0.2841988503932953
20062220,1.0994524955749512
20063927,0.4156671464443207
20184898,0.42046627402305603
20193208,0.37284669280052185
20733942,0.7543949484825134
21035449,0.3638555407524109
21472935,0.22310639917850494
21722838,0.5339288711547852
22052819,0.3856581151485443
22052842,0.38882872462272644
22204531,0.8043317198753357
22349037,0.8641121983528137
22531006,0.31523004174232483
23228902,0.9943003058433533
24549062,0.4197971820831299
24650428,0.7467561364173889
24737482,0.49160441756248474
25265718,0.653927743434906
25449610,0.5158371925354004
25961879,0.6614862084388733
25961891,0.7473499178886414
26103082,0.39611443877220154
26227736,0.7058238983154297
26533380,0.5324475169181824
26902250,0.5894783139228821
27871494,0.5930665135383606
28115755,1.3078244924545288
28523866,0.4103820025920868
29118249,0.3132019340991974
29171208,0.7199246287345886
29464899,0.8568627834320068
29743086,0.7385149002075195
29911271,0.6441637873649597
29911282,0.5292539000511169
33643468,0.684901773929596
33643491,0.684901773929596
34302528,0.9214094877243042
34590948,0.7090810537338257
34981118,0.935373067855835
35042990,0.45187240839004517
36653824,0.7816948294639587
37340184,0.7976553440093994
38380073,0.41838598251342773
38436178,0.40580862760543823
38842056,0.5876941680908203
39161198,0.4931017756462097
39619697,1.1009631156921387
39638329,0.6364296078681946
40482460,1.0194541215896606
40573099,0.6728953123092651
40817081,0.051174476742744446
41014431,0.422405481338501
41424117,0.04206894338130951
41438180,0.30143725872039795
41632897,0.3527926504611969
42151564,0.6955021023750305
43121433,0.5488254427909851
50807777,0.5007883310317993
51422549,0.529295027256012
51630581,0.4638979732990265
51803782,0.9312979578971863
52709849,0.12685620784759521
55109621,0.9095529317855835
55230256,0.3629823923110962
55505265,0.7625008225440979
56860812,0.4487874209880829
57018527,0.4670529365539551
58175578,0.48485267162323
58485680,0.3325965702533722
60598176,0.41889283061027527
61836768,0.7894788384437561
61836779,0.8882130980491638
62108412,0.38970279693603516
63697007,0.47994717955589294
63968649,0.7646463513374329
66000360,0.8718430995941162
66728505,0.4597969651222229
69201963,0.8205443620681763
70969583,0.8334157466888428
71963774,0.7407633662223816
75330755,1.2175633907318115
76639946,1.2494770288467407
79902639,1.0477995872497559
84057841,0.8393951058387756
89109717,0.772760272026062
90499299,0.5387132167816162
90499313,0.6871852278709412
98106173,1.1428030729293823
99799834,0.7413565516471863
111029562,0.8841863870620728
138495428,0.42997512221336365
142385840,0.38321366906166077
145250813,0.6938165426254272
156053882,0.4573909342288971
160620202,0.4597824215888977
163702054,0.46399521827697754
163702076,0.39774221181869507
163702087,0.36502283811569214
171182948,0.3535638451576233
171182959,0.49456846714019775
184899818,0.41998982429504395
297730939,0.45996248722076416
999000076,0.6057918071746826
999912957,0.921167254447937
999912968,1.2935295104980469
999915194,0.4126319885253906
999924560,0.44389835000038147
999947192,0.7375985980033875
1383254236,0.594581663608551
1383254247,0.6342484354972839
1383254269,0.7017238736152649
1383254270,0.7433298230171204
1383254281,0.7503955364227295
1383254292,0.6989035606384277
1383254305,0.6648751497268677
1383254316,0.6318592429161072
1383254338,0.7417388558387756
